<?xml version = '1.0' encoding = 'UTF-8'?>
<Entity class="oracle.dbtools.crest.model.design.logical.Entity" directorySegmentName="seg_0" id="513093B6-74C2-4D1B-A15A-06C5DF51DCB8" name="TRANSACAO">
<createdBy>arcne</createdBy>
<createdTime>2024-05-28 19:45:00 UTC</createdTime>
<ownerDesignName>MER_projeto</ownerDesignName>
<engineerTo>
<item key="04C36989-FEC6-9A5E-D0CC-284E8BCF5F08" value="true"/>
</engineerTo>
<adequatelyNormalized>NO</adequatelyNormalized>
<expectedVolumes>0</expectedVolumes>
<fwdEngineeringStrategyName>Single Table</fwdEngineeringStrategyName>
<growthPercent>0</growthPercent>
<growthType>Year</growthType>
<maxVolumes>9999999</maxVolumes>
<minVolumes>0</minVolumes>
<normalForm>Third</normalForm>
<attributes itemClass="oracle.dbtools.crest.model.design.logical.Attribute">
<Attribute name="id_transacao" id="55A67579-75E4-E161-AB4E-F52EB2DE223A">
<createdBy>arcne</createdBy>
<createdTime>2024-05-28 19:50:22 UTC</createdTime>
<ownerDesignName>MER_projeto</ownerDesignName>
<engineerTo>
<item key="04C36989-FEC6-9A5E-D0CC-284E8BCF5F08" value="true"/>
</engineerTo>
<useDomainConstraints>false</useDomainConstraints>
<use>1</use>
<logicalDatatype>LOGDT011</logicalDatatype>
<ownDataTypeParameters>,,</ownDataTypeParameters>
</Attribute>
<Attribute name="id_conta" id="7E1A595B-F837-CB42-671F-CBCFDEE7CB3E">
<createdBy>arcne</createdBy>
<createdTime>2024-06-05 18:51:30 UTC</createdTime>
<generatorID>1196E76A-1981-925E-7027-334CD9DD9AE8</generatorID>
<ownerDesignName>MER_projeto</ownerDesignName>
<engineerTo>
<item key="04C36989-FEC6-9A5E-D0CC-284E8BCF5F08" value="true"/>
</engineerTo>
<referedAttribute>AFABFBA4-8F43-A3F9-E6AD-C1AE63C22213</referedAttribute>
<useDomainConstraints>false</useDomainConstraints>
<use>1</use>
<logicalDatatype>LOGDT011</logicalDatatype>
<ownDataTypeParameters>,,</ownDataTypeParameters>
</Attribute>
<Attribute name="titulo" id="3A757D0E-D325-84E8-A2D7-C901C14BE9CD">
<createdBy>arcne</createdBy>
<createdTime>2024-06-13 20:39:49 UTC</createdTime>
<ownerDesignName>MER_projeto</ownerDesignName>
<engineerTo>
<item key="04C36989-FEC6-9A5E-D0CC-284E8BCF5F08" value="true"/>
</engineerTo>
<useDomainConstraints>false</useDomainConstraints>
<use>1</use>
<logicalDatatype>LOGDT024</logicalDatatype>
<ownDataTypeParameters>,,</ownDataTypeParameters>
</Attribute>
<Attribute name="valor" id="5C53D94F-4FC4-3A97-412A-321F59D8A30E">
<createdBy>arcne</createdBy>
<createdTime>2024-05-28 19:45:46 UTC</createdTime>
<ownerDesignName>MER_projeto</ownerDesignName>
<engineerTo>
<item key="04C36989-FEC6-9A5E-D0CC-284E8BCF5F08" value="true"/>
</engineerTo>
<useDomainConstraints>false</useDomainConstraints>
<use>1</use>
<logicalDatatype>LOGDT019</logicalDatatype>
<ownDataTypeParameters>,,</ownDataTypeParameters>
</Attribute>
<Attribute name="metodo" id="37C6D852-59E2-BFE4-ECB1-62B986742D5D">
<createdBy>arcne</createdBy>
<createdTime>2024-05-28 19:45:59 UTC</createdTime>
<ownerDesignName>MER_projeto</ownerDesignName>
<engineerTo>
<item key="04C36989-FEC6-9A5E-D0CC-284E8BCF5F08" value="true"/>
</engineerTo>
<useDomainConstraints>false</useDomainConstraints>
<use>1</use>
<logicalDatatype>LOGDT024</logicalDatatype>
<ownDataTypeParameters>,,</ownDataTypeParameters>
</Attribute>
<Attribute name="de_conta" id="70C6AAEC-B56E-CBDD-9BCF-483090713D64">
<createdBy>arcne</createdBy>
<createdTime>2024-05-28 19:51:15 UTC</createdTime>
<ownerDesignName>MER_projeto</ownerDesignName>
<engineerTo>
<item key="04C36989-FEC6-9A5E-D0CC-284E8BCF5F08" value="true"/>
</engineerTo>
<useDomainConstraints>false</useDomainConstraints>
<use>1</use>
<logicalDatatype>LOGDT024</logicalDatatype>
<ownDataTypeParameters>,,</ownDataTypeParameters>
</Attribute>
<Attribute name="para_conta" id="C7B20169-7B3C-001F-3D43-2423B935AA54">
<createdBy>arcne</createdBy>
<createdTime>2024-05-28 19:51:35 UTC</createdTime>
<ownerDesignName>MER_projeto</ownerDesignName>
<engineerTo>
<item key="04C36989-FEC6-9A5E-D0CC-284E8BCF5F08" value="true"/>
</engineerTo>
<useDomainConstraints>false</useDomainConstraints>
<use>1</use>
<logicalDatatype>LOGDT024</logicalDatatype>
<ownDataTypeParameters>,,</ownDataTypeParameters>
</Attribute>
<Attribute name="endereço" id="7AFEC30F-E8AD-CE10-F544-6879A59785BE">
<createdBy>arcne</createdBy>
<createdTime>2024-06-13 20:40:21 UTC</createdTime>
<ownerDesignName>MER_projeto</ownerDesignName>
<engineerTo>
<item key="04C36989-FEC6-9A5E-D0CC-284E8BCF5F08" value="true"/>
</engineerTo>
<nullsAllowed>true</nullsAllowed>
<useDomainConstraints>false</useDomainConstraints>
<use>1</use>
<ownDataTypeParameters>,,</ownDataTypeParameters>
</Attribute>
<Attribute name="descricao" id="E86C0880-1B95-416E-7F76-B60A8DDC3A11">
<createdBy>arcne</createdBy>
<createdTime>2024-05-28 19:47:08 UTC</createdTime>
<ownerDesignName>MER_projeto</ownerDesignName>
<engineerTo>
<item key="04C36989-FEC6-9A5E-D0CC-284E8BCF5F08" value="true"/>
</engineerTo>
<nullsAllowed>true</nullsAllowed>
<useDomainConstraints>false</useDomainConstraints>
<use>1</use>
<logicalDatatype>LOGDT024</logicalDatatype>
<ownDataTypeParameters>,,</ownDataTypeParameters>
</Attribute>
<Attribute name="data" id="A51AA9C3-B333-D5A4-2D99-74757A6195D3">
<createdBy>arcne</createdBy>
<createdTime>2024-05-28 19:52:54 UTC</createdTime>
<ownerDesignName>MER_projeto</ownerDesignName>
<engineerTo>
<item key="04C36989-FEC6-9A5E-D0CC-284E8BCF5F08" value="true"/>
</engineerTo>
<useDomainConstraints>false</useDomainConstraints>
<use>1</use>
<logicalDatatype>LOGDT008</logicalDatatype>
<ownDataTypeParameters>,,</ownDataTypeParameters>
</Attribute>
</attributes>
<identifiers itemClass="oracle.dbtools.crest.model.design.logical.CandidateKey">
<identifier id="FC796C18-64DC-E035-252A-699A98E694A1" name="transacao PK">
<createdBy>arcne</createdBy>
<createdTime>2024-06-05 18:42:29 UTC</createdTime>
<ownerDesignName>MER_projeto</ownerDesignName>
<engineerTo>
<item key="04C36989-FEC6-9A5E-D0CC-284E8BCF5F08" value="true"/>
</engineerTo>
<pk>true</pk>
<usedAttributes>
<attributeRef>55A67579-75E4-E161-AB4E-F52EB2DE223A</attributeRef>
</usedAttributes>
</identifier>
</identifiers>
</Entity>
