<?xml version = '1.0' encoding = 'UTF-8'?>
<Entity class="oracle.dbtools.crest.model.design.logical.Entity" directorySegmentName="seg_0" id="EE66ED6F-8520-9141-8162-6B534B3C0102" name="USUARIO">
<createdBy>arcne</createdBy>
<createdTime>2024-05-28 19:38:19 UTC</createdTime>
<ownerDesignName>MER_projeto</ownerDesignName>
<engineerTo>
<item key="04C36989-FEC6-9A5E-D0CC-284E8BCF5F08" value="true"/>
</engineerTo>
<adequatelyNormalized>NO</adequatelyNormalized>
<expectedVolumes>0</expectedVolumes>
<fwdEngineeringStrategyName>Single Table</fwdEngineeringStrategyName>
<growthPercent>0</growthPercent>
<growthType>Year</growthType>
<maxVolumes>9999999</maxVolumes>
<minVolumes>0</minVolumes>
<normalForm>Third</normalForm>
<attributes itemClass="oracle.dbtools.crest.model.design.logical.Attribute">
<Attribute name="id_usuario" id="7D41DCF3-6EEF-9D0C-3904-136FA164A259">
<createdBy>arcne</createdBy>
<createdTime>2024-05-28 19:38:59 UTC</createdTime>
<ownerDesignName>MER_projeto</ownerDesignName>
<engineerTo>
<item key="04C36989-FEC6-9A5E-D0CC-284E8BCF5F08" value="true"/>
</engineerTo>
<useDomainConstraints>false</useDomainConstraints>
<use>1</use>
<logicalDatatype>LOGDT019</logicalDatatype>
<ownDataTypeParameters>,,</ownDataTypeParameters>
</Attribute>
<Attribute name="nome" id="9D462505-11C1-B58B-32B1-6BAC577C3710">
<createdBy>arcne</createdBy>
<createdTime>2024-05-28 19:39:18 UTC</createdTime>
<ownerDesignName>MER_projeto</ownerDesignName>
<engineerTo>
<item key="04C36989-FEC6-9A5E-D0CC-284E8BCF5F08" value="true"/>
</engineerTo>
<useDomainConstraints>false</useDomainConstraints>
<use>1</use>
<logicalDatatype>LOGDT024</logicalDatatype>
<ownDataTypeParameters>,,</ownDataTypeParameters>
</Attribute>
<Attribute name="email" id="6B26B31C-A2CA-2F33-16AE-4250FAA71BC3">
<createdBy>arcne</createdBy>
<createdTime>2024-05-28 19:39:33 UTC</createdTime>
<ownerDesignName>MER_projeto</ownerDesignName>
<engineerTo>
<item key="04C36989-FEC6-9A5E-D0CC-284E8BCF5F08" value="true"/>
</engineerTo>
<useDomainConstraints>false</useDomainConstraints>
<use>1</use>
<logicalDatatype>LOGDT024</logicalDatatype>
<ownDataTypeParameters>,,</ownDataTypeParameters>
</Attribute>
<Attribute name="senha" id="98BF9F7D-D032-A7F5-3912-322D32E0E789">
<createdBy>arcne</createdBy>
<createdTime>2024-05-28 19:40:13 UTC</createdTime>
<ownerDesignName>MER_projeto</ownerDesignName>
<engineerTo>
<item key="04C36989-FEC6-9A5E-D0CC-284E8BCF5F08" value="true"/>
</engineerTo>
<useDomainConstraints>false</useDomainConstraints>
<use>1</use>
<logicalDatatype>LOGDT024</logicalDatatype>
<ownDataTypeParameters>,,</ownDataTypeParameters>
</Attribute>
<Attribute name="cpf" id="F7AF6097-9A6F-ABC8-7619-F9D853667EC5">
<createdBy>arcne</createdBy>
<createdTime>2024-05-28 19:39:49 UTC</createdTime>
<ownerDesignName>MER_projeto</ownerDesignName>
<engineerTo>
<item key="04C36989-FEC6-9A5E-D0CC-284E8BCF5F08" value="true"/>
</engineerTo>
<useDomainConstraints>false</useDomainConstraints>
<use>1</use>
<logicalDatatype>LOGDT019</logicalDatatype>
<ownDataTypeParameters>,,</ownDataTypeParameters>
</Attribute>
<Attribute name="cnpj" id="5DF723FB-62A2-B96F-BD55-A680EDB593C4">
<createdBy>arcne</createdBy>
<createdTime>2024-05-28 19:40:02 UTC</createdTime>
<ownerDesignName>MER_projeto</ownerDesignName>
<engineerTo>
<item key="04C36989-FEC6-9A5E-D0CC-284E8BCF5F08" value="true"/>
</engineerTo>
<nullsAllowed>true</nullsAllowed>
<useDomainConstraints>false</useDomainConstraints>
<use>1</use>
<logicalDatatype>LOGDT019</logicalDatatype>
<ownDataTypeParameters>,,</ownDataTypeParameters>
</Attribute>
<Attribute name="id_conta" id="C89C685F-28CC-8FDC-9C02-197DCB106555">
<createdBy>arcne</createdBy>
<createdTime>2024-06-05 18:50:30 UTC</createdTime>
<generatorID>2E2EBE5A-2D3E-6BAD-0D01-B88F74C5B993</generatorID>
<ownerDesignName>MER_projeto</ownerDesignName>
<engineerTo>
<item key="04C36989-FEC6-9A5E-D0CC-284E8BCF5F08" value="true"/>
</engineerTo>
<referedAttribute>AFABFBA4-8F43-A3F9-E6AD-C1AE63C22213</referedAttribute>
<useDomainConstraints>false</useDomainConstraints>
<use>1</use>
<logicalDatatype>LOGDT011</logicalDatatype>
<ownDataTypeParameters>,,</ownDataTypeParameters>
</Attribute>
<Attribute name="id_endereco" id="77322859-2D0C-3910-7815-E6B4CDF9413F">
<createdBy>arcne</createdBy>
<createdTime>2024-06-05 18:52:13 UTC</createdTime>
<generatorID>B70E2E9A-FE51-5832-F8E2-ACF29ECED1C0</generatorID>
<ownerDesignName>MER_projeto</ownerDesignName>
<engineerTo>
<item key="04C36989-FEC6-9A5E-D0CC-284E8BCF5F08" value="true"/>
</engineerTo>
<referedAttribute>C575F537-71BA-4DA9-EBAA-482864A59004</referedAttribute>
<useDomainConstraints>false</useDomainConstraints>
<use>1</use>
<logicalDatatype>LOGDT011</logicalDatatype>
<ownDataTypeParameters>,,</ownDataTypeParameters>
</Attribute>
</attributes>
<identifiers itemClass="oracle.dbtools.crest.model.design.logical.CandidateKey">
<identifier id="10358B5E-F1BA-253E-BA81-57EA8A403592" name="usuario PK">
<createdBy>arcne</createdBy>
<createdTime>2024-05-28 19:39:07 UTC</createdTime>
<ownerDesignName>MER_projeto</ownerDesignName>
<engineerTo>
<item key="04C36989-FEC6-9A5E-D0CC-284E8BCF5F08" value="true"/>
</engineerTo>
<pk>true</pk>
<usedAttributes>
<attributeRef>7D41DCF3-6EEF-9D0C-3904-136FA164A259</attributeRef>
</usedAttributes>
</identifier>
</identifiers>
</Entity>
