<?xml version = '1.0' encoding = 'UTF-8'?>
<Diagram class="oracle.dbtools.crest.swingui.logical.DPVLogical" name="Logical" id="C3DC2B23-0E30-4DFA-42F5-0A171D77DB61">
<createdBy>arcne</createdBy>
<modifiedBy>arcne</modifiedBy>
<createdTime>2024-05-28 19:38:19 UTC</createdTime>
<autoRoute>false</autoRoute>
<boxInbox>true</boxInbox>
<showLegend>false</showLegend>
<showLabels>false</showLabels>
<showRelAttributes>false</showRelAttributes>
<gridEnabled>false</gridEnabled>
<showGrid>false</showGrid>
<diagramColor>-1</diagramColor>
<display>false</display>
<notation>1</notation>
<objectViews>
<OView class="oracle.dbtools.crest.swingui.logical.TVEntity" oid="31C749BE-79F4-A27D-D265-8B858A53F794" otype="Entity" vid="16C992E8-03C2-D5EA-9D83-E7A6396ABFAE">
<hideElementsInCurrentOnly>false</hideElementsInCurrentOnly>
<bounds x="119" y="92" width="115" height="82"/>
</OView>
<OView class="oracle.dbtools.crest.swingui.logical.TVEntity" oid="513093B6-74C2-4D1B-A15A-06C5DF51DCB8" otype="Entity" vid="98D0C496-6462-3FCD-DF05-A4B579976AFE">
<hideElementsInCurrentOnly>false</hideElementsInCurrentOnly>
<bounds x="121" y="217" width="118" height="152"/>
</OView>
<OView class="oracle.dbtools.crest.swingui.logical.TVEntity" oid="BB64D6D4-586E-8B5D-6398-30ADE5B961FF" otype="Entity" vid="641DC4EF-06F1-5487-7867-F3B8148D0A12">
<hideElementsInCurrentOnly>false</hideElementsInCurrentOnly>
<bounds x="443" y="77" width="117" height="110"/>
</OView>
<OView class="oracle.dbtools.crest.swingui.logical.TVEntity" oid="EE66ED6F-8520-9141-8162-6B534B3C0102" otype="Entity" vid="2B0B4402-4DA1-8851-19AA-39D26E4C2FF1">
<hideElementsInCurrentOnly>false</hideElementsInCurrentOnly>
<bounds x="272" y="68" width="117" height="138"/>
</OView>
</objectViews>
<connectors>
<Connector class="oracle.dbtools.crest.swingui.logical.TVRelation" oid="1196E76A-1981-925E-7027-334CD9DD9AE8" otype="Relation" vid_source="16C992E8-03C2-D5EA-9D83-E7A6396ABFAE" vid_target="98D0C496-6462-3FCD-DF05-A4B579976AFE">
<hideElementsInCurrentOnly>false</hideElementsInCurrentOnly>
<backgroundColor>-16777216</backgroundColor>
<lineWidth>1</lineWidth>
<points>
<point x="177" y="174"/>
<point x="177" y="217"/>
</points>
</Connector>
<Connector class="oracle.dbtools.crest.swingui.logical.TVRelation" oid="2E2EBE5A-2D3E-6BAD-0D01-B88F74C5B993" otype="Relation" vid_source="2B0B4402-4DA1-8851-19AA-39D26E4C2FF1" vid_target="16C992E8-03C2-D5EA-9D83-E7A6396ABFAE">
<hideElementsInCurrentOnly>false</hideElementsInCurrentOnly>
<backgroundColor>-16777216</backgroundColor>
<lineWidth>1</lineWidth>
<points>
<point x="272" y="133"/>
<point x="234" y="133"/>
</points>
</Connector>
<Connector class="oracle.dbtools.crest.swingui.logical.TVRelation" oid="B70E2E9A-FE51-5832-F8E2-ACF29ECED1C0" otype="Relation" vid_source="2B0B4402-4DA1-8851-19AA-39D26E4C2FF1" vid_target="641DC4EF-06F1-5487-7867-F3B8148D0A12">
<hideElementsInCurrentOnly>false</hideElementsInCurrentOnly>
<backgroundColor>-16777216</backgroundColor>
<lineWidth>1</lineWidth>
<points>
<point x="389" y="132"/>
<point x="443" y="132"/>
</points>
</Connector>
</connectors>
</Diagram>
