<?xml version = '1.0' encoding = 'UTF-8'?>
<Diagram class="oracle.dbtools.crest.swingui.relational.DPVRelational" name="Relational_1" id="A923CFD4-5AA3-25C4-579C-47C38143AA39">
<createdBy>arcne</createdBy>
<modifiedBy>arcne</modifiedBy>
<createdTime>2024-04-30 17:23:30 UTC</createdTime>
<autoRoute>false</autoRoute>
<boxInbox>true</boxInbox>
<showLegend>false</showLegend>
<showLabels>false</showLabels>
<showRelAttributes>false</showRelAttributes>
<gridEnabled>false</gridEnabled>
<showGrid>false</showGrid>
<diagramColor>-1</diagramColor>
<display>false</display>
<notation>1</notation>
<objectViews>
<OView class="oracle.dbtools.crest.swingui.relational.TVTable" oid="5EB03657-064B-A612-9916-1E0F913B84F2" otype="Table" vid="AD3A821D-9EE8-0EF5-92F1-5E7EEB8C5053">
<hideElementsInCurrentOnly>false</hideElementsInCurrentOnly>
<bounds x="297" y="97" width="202" height="178"/>
</OView>
<OView class="oracle.dbtools.crest.swingui.relational.TVTable" oid="8BC145C2-9F6C-7E17-ED31-6742B291AEDE" otype="Table" vid="DD9868D8-1716-6D50-DD02-568F6A0D6720">
<hideElementsInCurrentOnly>false</hideElementsInCurrentOnly>
<bounds x="44" y="94" width="184" height="116"/>
</OView>
</objectViews>
<connectors>
<Connector class="oracle.dbtools.crest.swingui.relational.TVFKRelation" oid="304073A2-5874-34BC-2CA8-61BEB5935101" otype="FKIndexAssociation" vid_source="DD9868D8-1716-6D50-DD02-568F6A0D6720" vid_target="AD3A821D-9EE8-0EF5-92F1-5E7EEB8C5053">
<hideElementsInCurrentOnly>false</hideElementsInCurrentOnly>
<backgroundColor>-16777216</backgroundColor>
<lineWidth>1</lineWidth>
<points>
<point x="228" y="153"/>
<point x="297" y="153"/>
</points>
</Connector>
</connectors>
</Diagram>