<?xml version = '1.0' encoding = 'UTF-8'?>
<FKIndexAssociation class="oracle.dbtools.crest.model.design.relational.FKIndexAssociation" directorySegmentName="seg_0" id="304073A2-5874-34BC-2CA8-61BEB5935101" containerWithKeyObject="5EB03657-064B-A612-9916-1E0F913B84F2" localFKIndex="F69BDBF0-EC5F-DCBB-5D84-E51011BBC40E" name="id_usuario_fk">
<createdBy>arcne</createdBy>
<createdTime>2024-04-30 18:56:19 UTC</createdTime>
<ownerDesignName>fase3_cap7</ownerDesignName>
<referredTableLongName>CONTA</referredTableLongName>
<deleteRule>NO ACTION</deleteRule>
<referredTableID>8BC145C2-9F6C-7E17-ED31-6742B291AEDE</referredTableID>
<keyObject>E63667A7-3A25-FE16-8D5F-07CE1C255861</keyObject>
<referredKeyID>E63667A7-3A25-FE16-8D5F-07CE1C255861</referredKeyID>
<mandatory>true</mandatory>
<refColNames>id_usuario</refColNames>
<transferable>true</transferable>
<rely>false</rely>
<columnDependencyConstraintGenerateInDDL>true</columnDependencyConstraintGenerateInDDL>
</FKIndexAssociation>