<?xml version = '1.0' encoding = 'UTF-8'?>
<Diagram class="oracle.dbtools.crest.swingui.relational.DPVRelational" name="Relational_1" id="0933C09E-ED44-FD57-9436-970EEE92E5E7">
<createdBy>arcne</createdBy>
<modifiedBy>arcne</modifiedBy>
<createdTime>2024-05-28 19:58:24 UTC</createdTime>
<autoRoute>false</autoRoute>
<boxInbox>true</boxInbox>
<showLegend>false</showLegend>
<showLabels>false</showLabels>
<showRelAttributes>false</showRelAttributes>
<gridEnabled>false</gridEnabled>
<showGrid>false</showGrid>
<diagramColor>-1</diagramColor>
<display>false</display>
<notation>1</notation>
<objectViews>
<OView class="oracle.dbtools.crest.swingui.relational.TVTable" oid="42ADC0CA-FA11-8116-4B0A-FE1551E0F272" otype="Table" vid="6BFF4CDD-9AE9-B6AB-AE09-47A54AAB14F6">
<hideElementsInCurrentOnly>false</hideElementsInCurrentOnly>
<bounds x="169" y="103" width="169" height="82"/>
</OView>
<OView class="oracle.dbtools.crest.swingui.relational.TVTable" oid="7A7A29F6-56A4-FB76-FF3C-DA06CA66F4D1" otype="Table" vid="077BA82E-5479-20E2-22AB-B4758537B2C2">
<hideElementsInCurrentOnly>false</hideElementsInCurrentOnly>
<bounds x="161" y="232" width="175" height="138"/>
</OView>
<OView class="oracle.dbtools.crest.swingui.relational.TVTable" oid="9061FB0E-0B2A-CE28-6ACF-BD6AB23B4711" otype="Table" vid="DEB1A0D1-FBAE-3108-7E2F-305D7FB1D6AF">
<hideElementsInCurrentOnly>false</hideElementsInCurrentOnly>
<bounds x="448" y="82" width="174" height="158"/>
</OView>
<OView class="oracle.dbtools.crest.swingui.relational.TVTable" oid="AAB6CEDA-7C77-B79A-EB10-D393D7559599" otype="Table" vid="3D24C479-1BD9-94AE-B41F-5FDC55E70B57">
<hideElementsInCurrentOnly>false</hideElementsInCurrentOnly>
<bounds x="387" y="278" width="174" height="110"/>
</OView>
</objectViews>
</Diagram>
