<?xml version = '1.0' encoding = 'UTF-8'?>
<Table class="oracle.dbtools.crest.model.design.relational.Table" directorySegmentName="seg_0" id="5EB03657-064B-A612-9916-1E0F913B84F2" name="TRANSACOES">
<createdBy>arcne</createdBy>
<createdTime>2024-04-30 18:52:55 UTC</createdTime>
<ownerDesignName>fase3_cap7</ownerDesignName>
<ordsAlias>table_2</ordsAlias>
<allowColumnReorder>false</allowColumnReorder>
<existDependencyGenerateInDDl>true</existDependencyGenerateInDDl>
<parsed>true</parsed>
<columns itemClass="oracle.dbtools.crest.model.design.relational.Column">
<Column name="id_transacao" id="AA0D17A4-21EB-E93E-C0D0-33A74C7FA259">
<createdBy>arcne</createdBy>
<createdTime>2024-04-30 18:53:58 UTC</createdTime>
<ownerDesignName>fase3_cap7</ownerDesignName>
<useDomainConstraints>false</useDomainConstraints>
<use>1</use>
<logicalDatatype>LOGDT011</logicalDatatype>
<ownDataTypeParameters>,,</ownDataTypeParameters>
<autoIncrementCycle>false</autoIncrementCycle>
</Column>
<Column name="id_usuario" id="0C8CDC97-243D-BA6A-AC59-D99BAF5AFBA6">
<createdBy>arcne</createdBy>
<createdTime>2024-04-30 18:56:19 UTC</createdTime>
<ownerDesignName>fase3_cap7</ownerDesignName>
<useDomainConstraints>false</useDomainConstraints>
<use>1</use>
<logicalDatatype>LOGDT011</logicalDatatype>
<ownDataTypeParameters>,,</ownDataTypeParameters>
<previousColumn>false</previousColumn>
<autoIncrementCycle>false</autoIncrementCycle>
<associations>
<colAssociation fkAssociation="304073A2-5874-34BC-2CA8-61BEB5935101" referredColumn="61109D33-5B6A-4979-5C97-E38FB5E07586"/>
</associations>
</Column>
<Column name="valor" id="39BBDA71-9BFC-28C6-A610-6B6EBCE94F86">
<createdBy>arcne</createdBy>
<createdTime>2024-04-30 18:53:58 UTC</createdTime>
<ownerDesignName>fase3_cap7</ownerDesignName>
<useDomainConstraints>false</useDomainConstraints>
<use>1</use>
<logicalDatatype>LOGDT019</logicalDatatype>
<dataTypePrecision>10</dataTypePrecision>
<dataTypeScale>2</dataTypeScale>
<ownDataTypeParameters>,10,2</ownDataTypeParameters>
<autoIncrementCycle>false</autoIncrementCycle>
</Column>
<Column name="tipo" id="53C841D3-575A-8F83-53EF-6A382377FEF2">
<createdBy>arcne</createdBy>
<createdTime>2024-04-30 18:53:58 UTC</createdTime>
<ownerDesignName>fase3_cap7</ownerDesignName>
<useDomainConstraints>false</useDomainConstraints>
<use>1</use>
<logicalDatatype>LOGDT024</logicalDatatype>
<dataTypeSize>12</dataTypeSize>
<ownDataTypeParameters>12,,</ownDataTypeParameters>
<autoIncrementCycle>false</autoIncrementCycle>
</Column>
<Column name="metodo" id="04C3759D-0B26-6C20-A73E-2201245D0A68">
<createdBy>arcne</createdBy>
<createdTime>2024-04-30 18:53:58 UTC</createdTime>
<ownerDesignName>fase3_cap7</ownerDesignName>
<useDomainConstraints>false</useDomainConstraints>
<use>1</use>
<logicalDatatype>LOGDT024</logicalDatatype>
<dataTypeSize>7</dataTypeSize>
<ownDataTypeParameters>7,,</ownDataTypeParameters>
<autoIncrementCycle>false</autoIncrementCycle>
</Column>
<Column name="titulo" id="C540AB55-5037-616F-D026-2DBEE5DFC362">
<createdBy>arcne</createdBy>
<createdTime>2024-04-30 18:53:58 UTC</createdTime>
<ownerDesignName>fase3_cap7</ownerDesignName>
<useDomainConstraints>false</useDomainConstraints>
<use>1</use>
<logicalDatatype>LOGDT024</logicalDatatype>
<dataTypeSize>25</dataTypeSize>
<ownDataTypeParameters>25,,</ownDataTypeParameters>
<autoIncrementCycle>false</autoIncrementCycle>
</Column>
<Column name="data" id="295D2936-C647-6B91-6EDE-E50219C8BB49">
<createdBy>arcne</createdBy>
<createdTime>2024-04-30 18:53:58 UTC</createdTime>
<ownerDesignName>fase3_cap7</ownerDesignName>
<useDomainConstraints>false</useDomainConstraints>
<use>1</use>
<logicalDatatype>LOGDT008</logicalDatatype>
<ownDataTypeParameters>,,</ownDataTypeParameters>
<autoIncrementCycle>false</autoIncrementCycle>
</Column>
<Column name="descricao" id="0639B332-D990-132C-2166-C6F000373D56">
<createdBy>arcne</createdBy>
<createdTime>2024-04-30 19:25:26 UTC</createdTime>
<ownerDesignName>fase3_cap7</ownerDesignName>
<nullsAllowed>true</nullsAllowed>
<useDomainConstraints>false</useDomainConstraints>
<use>1</use>
<logicalDatatype>LOGDT024</logicalDatatype>
<dataTypeSize>100</dataTypeSize>
<ownDataTypeParameters>100,,</ownDataTypeParameters>
<autoIncrementCycle>false</autoIncrementCycle>
</Column>
</columns>
<indexes itemClass="oracle.dbtools.crest.model.design.relational.Index">
<ind_PK_UK id="CD941AC0-4476-C33D-51DA-E2BF842C1D09" name="TRANSACOES_PK">
<createdBy>arcne</createdBy>
<createdTime>2024-04-30 18:53:58 UTC</createdTime>
<ownerDesignName>fase3_cap7</ownerDesignName>
<pk>true</pk>
<indexState>Primary Constraint</indexState>
<isSurrogateKey>false</isSurrogateKey>
<indexColumnUsage>
<colUsage columnID="AA0D17A4-21EB-E93E-C0D0-33A74C7FA259"/>
</indexColumnUsage>
</ind_PK_UK>
<ind_PK_UK id="F69BDBF0-EC5F-DCBB-5D84-E51011BBC40E" name="id_usuario_fk">
<createdBy>arcne</createdBy>
<createdTime>2024-04-30 18:56:19 UTC</createdTime>
<ownerDesignName>fase3_cap7</ownerDesignName>
<indexState>Foreign Key</indexState>
<isSurrogateKey>false</isSurrogateKey>
<indexColumnUsage>
<colUsage columnID="0C8CDC97-243D-BA6A-AC59-D99BAF5AFBA6"/>
</indexColumnUsage>
</ind_PK_UK>
</indexes>
</Table>