<?xml version = '1.0' encoding = 'UTF-8'?>
<Relation class="oracle.dbtools.crest.model.design.logical.Relation" name="Relation_2" directorySegmentName="seg_0" id="1196E76A-1981-925E-7027-334CD9DD9AE8">
<createdBy>arcne</createdBy>
<createdTime>2024-06-05 18:51:30 UTC</createdTime>
<ownerDesignName>MER_projeto</ownerDesignName>
<engineerTo>
<item key="04C36989-FEC6-9A5E-D0CC-284E8BCF5F08" value="true"/>
</engineerTo>
<sourcePk>DBA3BFE3-F811-BD68-CB81-D6A7CE5AECED</sourcePk>
<identifying>false</identifying>
<optionalSource>true</optionalSource>
<optionalTarget>false</optionalTarget>
<sourceCardinality>1</sourceCardinality>
<sourceEntity>31C749BE-79F4-A27D-D265-8B858A53F794</sourceEntity>
<targetCardinalityString>*</targetCardinalityString>
<targetEntity>513093B6-74C2-4D1B-A15A-06C5DF51DCB8</targetEntity>
<transferable>true</transferable>
<deleteRule>NO ACTION</deleteRule>
</Relation>
