<?xml version = '1.0' encoding = 'UTF-8'?>
<Relation class="oracle.dbtools.crest.model.design.logical.Relation" name="Relation_1" directorySegmentName="seg_0" id="2E2EBE5A-2D3E-6BAD-0D01-B88F74C5B993">
<createdBy>arcne</createdBy>
<createdTime>2024-06-05 18:50:14 UTC</createdTime>
<ownerDesignName>MER_projeto</ownerDesignName>
<engineerTo>
<item key="04C36989-FEC6-9A5E-D0CC-284E8BCF5F08" value="true"/>
</engineerTo>
<sourcePk>10358B5E-F1BA-253E-BA81-57EA8A403592</sourcePk>
<targetPk>DBA3BFE3-F811-BD68-CB81-D6A7CE5AECED</targetPk>
<identifying>false</identifying>
<optionalSource>false</optionalSource>
<optionalTarget>false</optionalTarget>
<sourceCardinality>1</sourceCardinality>
<sourceEntity>EE66ED6F-8520-9141-8162-6B534B3C0102</sourceEntity>
<targetCardinalityString>1</targetCardinalityString>
<targetEntity>31C749BE-79F4-A27D-D265-8B858A53F794</targetEntity>
<transferable>true</transferable>
<deleteRule>NO ACTION</deleteRule>
</Relation>
