<?xml version = '1.0' encoding = 'UTF-8'?>
<Entity class="oracle.dbtools.crest.model.design.logical.Entity" directorySegmentName="seg_0" id="579706B6-C2BD-49AB-A088-C0D9F28B8449" name="TRANSACOES">
<createdBy>arcne</createdBy>
<createdTime>2024-04-30 18:02:10 UTC</createdTime>
<ownerDesignName>fase3_cap7</ownerDesignName>
<engineerTo>
<item key="CB7A0551-5DBE-CA59-E8AD-BBD67F679CBD" value="true"/>
</engineerTo>
<adequatelyNormalized>NO</adequatelyNormalized>
<expectedVolumes>0</expectedVolumes>
<fwdEngineeringStrategyName>Single Table</fwdEngineeringStrategyName>
<growthPercent>0</growthPercent>
<growthType>Year</growthType>
<maxVolumes>9999999</maxVolumes>
<minVolumes>0</minVolumes>
<normalForm>Third</normalForm>
<attributes itemClass="oracle.dbtools.crest.model.design.logical.Attribute">
<Attribute name="id_transacao" id="CB531A29-56A4-5808-C731-A711196052DB">
<createdBy>arcne</createdBy>
<createdTime>2024-04-30 18:02:57 UTC</createdTime>
<ownerDesignName>fase3_cap7</ownerDesignName>
<engineerTo>
<item key="CB7A0551-5DBE-CA59-E8AD-BBD67F679CBD" value="true"/>
</engineerTo>
<useDomainConstraints>false</useDomainConstraints>
<use>1</use>
<logicalDatatype>LOGDT011</logicalDatatype>
<ownDataTypeParameters>,,</ownDataTypeParameters>
</Attribute>
<Attribute name="id_usuario" id="8ABEC56E-228C-D1D6-64D8-54A2E5A2C6AE">
<createdBy>arcne</createdBy>
<createdTime>2024-04-30 18:07:48 UTC</createdTime>
<generatorID>7FF51992-AD13-850D-B2D1-50AF6F459996</generatorID>
<ownerDesignName>fase3_cap7</ownerDesignName>
<engineerTo>
<item key="CB7A0551-5DBE-CA59-E8AD-BBD67F679CBD" value="true"/>
</engineerTo>
<nullsAllowed>true</nullsAllowed>
<referedAttribute>BE8B1CCE-66D5-A048-C5FC-50D13ACA9BDB</referedAttribute>
<useDomainConstraints>false</useDomainConstraints>
<use>1</use>
<logicalDatatype>LOGDT011</logicalDatatype>
<ownDataTypeParameters>,,</ownDataTypeParameters>
</Attribute>
<Attribute name="valor" id="C23797C3-F2EF-D721-6F57-379D38131B6B">
<createdBy>arcne</createdBy>
<createdTime>2024-04-30 18:03:09 UTC</createdTime>
<ownerDesignName>fase3_cap7</ownerDesignName>
<engineerTo>
<item key="CB7A0551-5DBE-CA59-E8AD-BBD67F679CBD" value="true"/>
</engineerTo>
<useDomainConstraints>false</useDomainConstraints>
<use>1</use>
<logicalDatatype>LOGDT019</logicalDatatype>
<dataTypePrecision>10</dataTypePrecision>
<dataTypeScale>2</dataTypeScale>
<ownDataTypeParameters>,10,2</ownDataTypeParameters>
</Attribute>
<Attribute name="titulo" id="30BA3753-92CC-CE24-6982-13F9873C1EE9">
<createdBy>arcne</createdBy>
<createdTime>2024-04-30 18:02:22 UTC</createdTime>
<ownerDesignName>fase3_cap7</ownerDesignName>
<engineerTo>
<item key="CB7A0551-5DBE-CA59-E8AD-BBD67F679CBD" value="true"/>
</engineerTo>
<useDomainConstraints>false</useDomainConstraints>
<use>1</use>
<logicalDatatype>LOGDT024</logicalDatatype>
<dataTypeSize>25</dataTypeSize>
<ownDataTypeParameters>25,,</ownDataTypeParameters>
</Attribute>
<Attribute name="tipo" id="876E41AA-BCF7-0728-6272-15D9737DE2E1">
<createdBy>arcne</createdBy>
<createdTime>2024-04-30 18:17:09 UTC</createdTime>
<ownerDesignName>fase3_cap7</ownerDesignName>
<engineerTo>
<item key="CB7A0551-5DBE-CA59-E8AD-BBD67F679CBD" value="true"/>
</engineerTo>
<useDomainConstraints>false</useDomainConstraints>
<use>1</use>
<logicalDatatype>LOGDT024</logicalDatatype>
<dataTypeSize>12</dataTypeSize>
<ownDataTypeParameters>12,,</ownDataTypeParameters>
</Attribute>
<Attribute name="metodo" id="32AAFFBE-BC76-F520-13C2-73F0D29C6EF2">
<createdBy>arcne</createdBy>
<createdTime>2024-04-30 18:17:16 UTC</createdTime>
<ownerDesignName>fase3_cap7</ownerDesignName>
<engineerTo>
<item key="CB7A0551-5DBE-CA59-E8AD-BBD67F679CBD" value="true"/>
</engineerTo>
<useDomainConstraints>false</useDomainConstraints>
<use>1</use>
<logicalDatatype>LOGDT024</logicalDatatype>
<dataTypeSize>6</dataTypeSize>
<ownDataTypeParameters>6,,</ownDataTypeParameters>
</Attribute>
<Attribute name="data" id="A8970819-0186-F5DE-2ACD-BD7C5CD6AC35">
<createdBy>arcne</createdBy>
<createdTime>2024-04-30 18:20:28 UTC</createdTime>
<ownerDesignName>fase3_cap7</ownerDesignName>
<engineerTo>
<item key="CB7A0551-5DBE-CA59-E8AD-BBD67F679CBD" value="true"/>
</engineerTo>
<useDomainConstraints>false</useDomainConstraints>
<use>1</use>
<logicalDatatype>LOGDT008</logicalDatatype>
<ownDataTypeParameters>,,</ownDataTypeParameters>
</Attribute>
<Attribute name="descriao" id="58ECD46E-A8B0-3A6A-DB9C-B1D0D6A1B750">
<createdBy>arcne</createdBy>
<createdTime>2024-04-30 19:29:09 UTC</createdTime>
<ownerDesignName>fase3_cap7</ownerDesignName>
<engineerTo>
<item key="CB7A0551-5DBE-CA59-E8AD-BBD67F679CBD" value="true"/>
</engineerTo>
<nullsAllowed>true</nullsAllowed>
<useDomainConstraints>false</useDomainConstraints>
<use>1</use>
<logicalDatatype>LOGDT024</logicalDatatype>
<dataTypeSize>100</dataTypeSize>
<ownDataTypeParameters>100,,</ownDataTypeParameters>
</Attribute>
</attributes>
<identifiers itemClass="oracle.dbtools.crest.model.design.logical.CandidateKey">
<identifier id="CB339097-0848-624D-1BD1-DB4E83841B3F" name="TRANSACOES PK">
<createdBy>arcne</createdBy>
<createdTime>2024-04-30 18:11:54 UTC</createdTime>
<ownerDesignName>fase3_cap7</ownerDesignName>
<engineerTo>
<item key="CB7A0551-5DBE-CA59-E8AD-BBD67F679CBD" value="true"/>
</engineerTo>
<pk>true</pk>
<usedAttributes>
<attributeRef>CB531A29-56A4-5808-C731-A711196052DB</attributeRef>
</usedAttributes>
</identifier>
</identifiers>
</Entity>