<?xml version = '1.0' encoding = 'UTF-8'?>
<Entity class="oracle.dbtools.crest.model.design.logical.Entity" directorySegmentName="seg_0" id="5EB87B26-4BAB-44EC-E3AA-329D02F19601" name="CONTA">
<createdBy>arcne</createdBy>
<createdTime>2024-04-30 18:00:58 UTC</createdTime>
<ownerDesignName>fase3_cap7</ownerDesignName>
<engineerTo>
<item key="CB7A0551-5DBE-CA59-E8AD-BBD67F679CBD" value="true"/>
</engineerTo>
<adequatelyNormalized>NO</adequatelyNormalized>
<expectedVolumes>0</expectedVolumes>
<fwdEngineeringStrategyName>Single Table</fwdEngineeringStrategyName>
<growthPercent>0</growthPercent>
<growthType>Year</growthType>
<maxVolumes>9999999</maxVolumes>
<minVolumes>0</minVolumes>
<normalForm>Third</normalForm>
<attributes itemClass="oracle.dbtools.crest.model.design.logical.Attribute">
<Attribute name="id_usuario" id="BE8B1CCE-66D5-A048-C5FC-50D13ACA9BDB">
<createdBy>arcne</createdBy>
<createdTime>2024-04-30 18:01:05 UTC</createdTime>
<ownerDesignName>fase3_cap7</ownerDesignName>
<engineerTo>
<item key="CB7A0551-5DBE-CA59-E8AD-BBD67F679CBD" value="true"/>
</engineerTo>
<useDomainConstraints>false</useDomainConstraints>
<use>1</use>
<logicalDatatype>LOGDT011</logicalDatatype>
<ownDataTypeParameters>,,</ownDataTypeParameters>
</Attribute>
<Attribute name="usuario" id="0C0EB352-FD72-3E13-DDE6-C5925C4D1E02">
<createdBy>arcne</createdBy>
<createdTime>2024-04-30 18:01:18 UTC</createdTime>
<ownerDesignName>fase3_cap7</ownerDesignName>
<engineerTo>
<item key="CB7A0551-5DBE-CA59-E8AD-BBD67F679CBD" value="true"/>
</engineerTo>
<useDomainConstraints>false</useDomainConstraints>
<use>1</use>
<logicalDatatype>LOGDT024</logicalDatatype>
<dataTypeSize>20</dataTypeSize>
<ownDataTypeParameters>20,,</ownDataTypeParameters>
</Attribute>
<Attribute name="email" id="04EF0B9C-CE53-D5BF-FC2B-C68BE7B40190">
<createdBy>arcne</createdBy>
<createdTime>2024-04-30 18:01:39 UTC</createdTime>
<ownerDesignName>fase3_cap7</ownerDesignName>
<engineerTo>
<item key="CB7A0551-5DBE-CA59-E8AD-BBD67F679CBD" value="true"/>
</engineerTo>
<useDomainConstraints>false</useDomainConstraints>
<use>1</use>
<logicalDatatype>LOGDT024</logicalDatatype>
<dataTypeSize>45</dataTypeSize>
<ownDataTypeParameters>45,,</ownDataTypeParameters>
</Attribute>
<Attribute name="senha" id="F243E38A-7FDF-B9EE-2652-3291C9BEE861">
<createdBy>arcne</createdBy>
<createdTime>2024-04-30 18:01:57 UTC</createdTime>
<ownerDesignName>fase3_cap7</ownerDesignName>
<engineerTo>
<item key="CB7A0551-5DBE-CA59-E8AD-BBD67F679CBD" value="true"/>
</engineerTo>
<useDomainConstraints>false</useDomainConstraints>
<use>1</use>
<logicalDatatype>LOGDT024</logicalDatatype>
<dataTypeSize>30</dataTypeSize>
<ownDataTypeParameters>30,,</ownDataTypeParameters>
</Attribute>
<Attribute name="saldo" id="DE2B5D56-42B6-2F86-1754-5E5DC0E1C4F9">
<createdBy>arcne</createdBy>
<createdTime>2024-04-30 18:43:08 UTC</createdTime>
<ownerDesignName>fase3_cap7</ownerDesignName>
<engineerTo>
<item key="CB7A0551-5DBE-CA59-E8AD-BBD67F679CBD" value="true"/>
</engineerTo>
<useDomainConstraints>false</useDomainConstraints>
<use>1</use>
<logicalDatatype>LOGDT019</logicalDatatype>
<dataTypePrecision>10</dataTypePrecision>
<dataTypeScale>2</dataTypeScale>
<ownDataTypeParameters>,10,2</ownDataTypeParameters>
</Attribute>
</attributes>
<identifiers itemClass="oracle.dbtools.crest.model.design.logical.CandidateKey">
<identifier id="587F2C28-8480-A977-C6F9-273096B4273C" name="CONTA PK">
<createdBy>arcne</createdBy>
<createdTime>2024-04-30 18:01:17 UTC</createdTime>
<ownerDesignName>fase3_cap7</ownerDesignName>
<engineerTo>
<item key="CB7A0551-5DBE-CA59-E8AD-BBD67F679CBD" value="true"/>
</engineerTo>
<pk>true</pk>
<usedAttributes>
<attributeRef>BE8B1CCE-66D5-A048-C5FC-50D13ACA9BDB</attributeRef>
</usedAttributes>
</identifier>
</identifiers>
</Entity>