<?xml version = '1.0' encoding = 'UTF-8'?>
<Relation class="oracle.dbtools.crest.model.design.logical.Relation" name="Relation_1" directorySegmentName="seg_0" id="7FF51992-AD13-850D-B2D1-50AF6F459996">
<createdBy>arcne</createdBy>
<createdTime>2024-04-30 18:07:48 UTC</createdTime>
<ownerDesignName>fase3_cap7</ownerDesignName>
<engineerTo>
<item key="CB7A0551-5DBE-CA59-E8AD-BBD67F679CBD" value="true"/>
</engineerTo>
<sourcePk>587F2C28-8480-A977-C6F9-273096B4273C</sourcePk>
<identifying>false</identifying>
<optionalSource>false</optionalSource>
<optionalTarget>true</optionalTarget>
<sourceCardinality>1</sourceCardinality>
<sourceEntity>5EB87B26-4BAB-44EC-E3AA-329D02F19601</sourceEntity>
<targetCardinalityString>*</targetCardinalityString>
<targetEntity>579706B6-C2BD-49AB-A088-C0D9F28B8449</targetEntity>
<transferable>true</transferable>
<deleteRule>NO ACTION</deleteRule>
</Relation>